<!DOCTYPE xwork PUBLIC "-//OpenSymphony Group//XWork 1.0//EN" "http://www.opensymphony.com/xwork/xwork-1.0.dtd">

<!--
    Actions and interceptor definitions for Jive Forums (note, WebWork interceptors are different than
    Jive Forums interceptors).

    Note, this file inherits action and interceptor definitions from the 'webwork-default.xml' which
    is included in the webwork.jar package.
-->
<xwork>
    <package name="forum-default-package" extends="base-default-package">

        <!-- Interceptors for the Jive Forums application -->
        <interceptors>

            <!-- Note, the xwork.xml file also includes a xwork-base-actions.xml file. This
                 file is used in concert with the base one. -->

            <interceptor name="categoryViewCount" class="com.jivesoftware.forum.action.ViewCountInterceptor">
                <param name="type">category</param>
            </interceptor>
            <interceptor name="forumViewCount" class="com.jivesoftware.forum.action.ViewCountInterceptor">
                <param name="type">forum</param>
            </interceptor>
            <interceptor name="threadViewCount" class="com.jivesoftware.forum.action.ViewCountInterceptor">
                <param name="type">thread</param>
            </interceptor>
            <interceptor name="jiveException" class="com.jivesoftware.forum.action.JiveExceptionInterceptor"/>
            <!-- Helper to set the ActionContext Locale to the user's locale (if specified) -->
            <interceptor name="locale" class="com.jivesoftware.forum.action.UserLocaleInterceptor"/>

            <!-- Interceptor stacks. Several of these are defined in the xwork-base-actions.xml
                 file and the webwork default file. -->
            <interceptor-stack name="defaultStack">
                <interceptor-ref name="static-params"/>
                <interceptor-ref name="locale"/>
                <interceptor-ref name="model-driven"/>
                <interceptor-ref name="fileUpload"/>
                <interceptor-ref name="jivetrimmedparams"/>
                <interceptor-ref name="prepare"/>
                <interceptor-ref name="notfound"/>
                <interceptor-ref name="jiveException"/>
                <interceptor-ref name="conversionError"/>
                <interceptor-ref name="servlet-config"/>
                <interceptor-ref name="chain"/>
            </interceptor-stack>

            <interceptor-stack name="workflowStack">
                <interceptor-ref name="defaultStack"/>
                <interceptor-ref name="workflow"/>
            </interceptor-stack>

            <interceptor-stack name="jiveValidationStack">
                <interceptor-ref name="defaultStack"/>
                <interceptor-ref name="jivevalidation"/>
                <interceptor-ref name="jiveworkflow"/>
            </interceptor-stack>

            <interceptor-stack name="jivePrepareValidationStack">
                <interceptor-ref name="defaultStack"/>
                <interceptor-ref name="jivevalidation"/>
                <interceptor-ref name="jiveworkflow"/>
            </interceptor-stack>

        </interceptors>

        <!-- The default interceptor stack applied to all actions -->
        <default-interceptor-ref name="defaultStack"/>

        <!-- Base actions -->
        <action name="login" class="com.jivesoftware.forum.action.ForumLoginAction">
            <result name="input">loginform.jsp</result>
            <result name="success" type="redirect">${#attr['jive.login.successURL']}</result>
            <result name="cancel" type="redirect">${#attr['jive.login.cancelURL']}</result>
            <result name="error">loginform.jsp</result>
            <result name="newaccount" type="redirect">account!default.jspa?username=${username}</result>
            <result name="fatal" type="redirect">index.jsp</result>
        </action>

        <action name="logout" class="com.jivesoftware.forum.action.ForumLogoutAction">
            <result name="success">logout-success.jsp</result>
            <result name="error">error.jsp</result>
        </action>

        <!-- Default skin -->
        <action name="index" class="com.jivesoftware.forum.action.ForumCategoryAction">
            <result name="error">error-notfound.jsp</result>
            <result name="unauthorized">error-unauth.jsp</result>
            <result name="success">main.jsp</result>
        </action>
        <action name="category" class="com.jivesoftware.forum.action.ForumCategoryAction">
            <interceptor-ref name="defaultStack" />
            <interceptor-ref name="categoryViewCount" />
            <result name="error">error-notfound.jsp</result>
            <result name="unauthorized">error-unauth.jsp</result>
            <result name="success">category.jsp</result>
        </action>
        <action name="forum" class="com.jivesoftware.forum.action.ForumAction">
            <interceptor-ref name="defaultStack" />
            <interceptor-ref name="forumViewCount" />
            <result name="error">error-notfound.jsp</result>
            <result name="unauthorized">error-unauth.jsp</result>
            <result name="success">viewforum.jsp</result>
        </action>
        <action name="thread" class="com.jivesoftware.forum.action.ForumThreadAction">
            <interceptor-ref name="defaultStack" />
            <interceptor-ref name="threadViewCount" />
            <result name="error">error.jsp</result>
            <result name="success-threaded">thread-threaded.jsp</result>
            <result name="success-flat">thread-flat.jsp</result>
            <result name="success-tree">thread-tree.jsp</result>
            <result name="login">login!default.jspa</result>
            <result name="unauthorized">error-unauth.jsp</result>
        </action>
        <action name="message" class="com.jivesoftware.forum.action.ForumThreadAction">
            <interceptor-ref name="defaultStack" />
            <result name="error">error.jsp</result>
            <result name="success-threaded">thread-threaded.jsp</result>
            <result name="success-flat">thread-flat.jsp</result>
            <result name="success-tree">thread-tree.jsp</result>
            <result name="login">login!default.jspa</result>
            <result name="unauthorized">error-unauth.jsp</result>
        </action>
        <action name="markread" class="com.jivesoftware.forum.action.ReadAction">
            <result name="error">error.jsp</result>
            <result name="login">login!default.jspa</result>
            <result name="success-forum" type="redirect">forum.jspa?forumID=${forumID}</result>
            <result name="success-category" type="redirect">category.jspa?categoryID=${categoryID}</result>
        </action>
        <action name="post" class="com.jivesoftware.forum.action.PostAction">
            <result name="attach" type="redirect">attach!default.jspa?tid=${tid}&amp;forumID=${forumID}&amp;threadID=${threadID}&amp;messageID=${messageID}&amp;reply=${reply}</result>
            <result name="cancel">doRedirect.jspa?url={last}</result>
            <result name="error">postform.jsp</result>
            <result name="input">postform.jsp</result>
            <result name="login" type="chain">login!default</result>
            <result name="preview">viewpreview.jsp</result>
            <result name="rejected">postform.jsp</result>
            <result name="spellcheck">spell!default.jspa</result>
            <result name="success-moderation">postform-success.jsp</result>
            <result name="success-new-topic" type="redirect">thread.jspa?threadID=${threadID}</result>
            <result name="success-new-message" type="redirect">thread.jspa?messageID=${messageID}&amp;#${messageID}</result>
            <result name="success-removeattach" type="redirect">post!default.jspa?tid=${tid}&amp;forumID=${forumID}&amp;threadID=${threadID}&amp;messageID=${messageID}&amp;reply=${reply}&amp;from=removeattach</result>
        </action>
        <action name="attach" class="com.jivesoftware.forum.action.AttachAction">
            <interceptor-ref name="jivefileupload" />
            <interceptor-ref name="defaultStack" />
            <result name="input">attachform.jsp</result>
            <result name="error">attachform.jsp</result>
            <result name="login">login!default.jspa</result>
            <result name="success-topic" type="redirect">post.jspa?tid=${tid}&amp;forumID=${forumID}&amp;from=attach</result>
            <result name="success-reply" type="redirect">post!reply.jspa?tid=${tid}&amp;threadID=${threadID}&amp;messageID=${messageID}&amp;from=attach</result>
            <result name="cancel-topic" type="redirect">post.jspa?tid=${tid}&amp;forumID=${forumID}&amp;from=attach</result>
            <result name="cancel-reply" type="redirect">post!reply.jspa?tid=${tid}&amp;forumID=${forumID}&amp;threadID=${threadID}&amp;messageID=${messageID}&amp;from=attach</result>
            <result name="success-delete">doRedirect.jspa?url=editattach!default.jspa?{partialURL}</result>
            <result name="unauth">error.jsp</result>
        </action>
        <action name="editattach" class="com.jivesoftware.forum.action.EditAttachAction">
            <interceptor-ref name="jivefileupload" />
            <interceptor-ref name="defaultStack" />
            <result name="input">editattachments.jsp</result>
            <result name="error">editattachments.jsp</result>
            <result name="login">login!default.jspa</result>
            <result name="success-topic">doRedirect.jspa?url={last}</result>
            <result name="success-reply">doRedirect.jspa?url={last}</result>
            <result name="success-edit">doRedirect.jspa?url={last}</result>
            <result name="goback">doRedirect.jspa?url={last}</result>
            <result name="unauth">error.jsp</result>
            <result name="cancel-topic" type="redirect">thread.jspa?threadID=${threadID}&amp;messageID=${messageID}&amp;#${messageID}</result>
            <result name="cancel-reply" type="redirect">thread.jspa?threadID=${threadID}&amp;messageID=${messageID}&amp;#${messageID}</result>
            <result name="success-delete">editattachments.jsp</result>
        </action>
        <action name="spell" class="com.jivesoftware.forum.action.SpellAction">
            <interceptor-ref name="jiveValidationStack" />
            <result name="input">spellform.jsp</result>
            <result name="goback" type="redirect">post!default.jspa?from=spell&amp;tid=${tid}&amp;forumID=${forumID}&amp;threadID=${threadID}&amp;messageID=${messageID}&amp;reply=${reply}</result>
            <result name="post" type="redirect">post!post.jspa?from=spell&amp;tid=${tid}&amp;forumID=${forumID}&amp;threadID=${threadID}&amp;messageID=${messageID}&amp;reply=${reply}</result>
            <result name="success">spellform.jsp</result>
            <result name="error">spellform.jsp</result>
        </action>
        <action name="edit" class="com.jivesoftware.forum.action.EditAction">
            <interceptor-ref name="jiveValidationStack" />
            <result name="cancel" type="redirect">thread.jspa?messageID=${messageID}&amp;#${messageID}</result>
            <result name="success" type="redirect">thread.jspa?messageID=${messageID}&amp;#${messageID}</result>
            <result name="error">editform.jsp</result>
            <result name="input">editform.jsp</result>
            <result name="login">login!default.jspa</result>
        </action>
        <action name="search" class="com.jivesoftware.forum.action.SearchAction">
            <result name="disabled">searchdisabled.jsp</result>
            <result name="error">error.jsp</result>
            <result name="input">searchresults.jsp</result>
            <result name="success">searchresults.jsp</result>
        </action>
        <action name="click" class="com.jivesoftware.forum.action.Click">
            <result name="error">error.jsp</result>
            <result name="success" type="redirect">thread.jspa?messageID=${messageID}&amp;#${messageID}</result>
        </action>
        <action name="account" class="com.jivesoftware.forum.action.AccountAction">
            <interceptor-ref name="jiveValidationStack" />
            <result name="disabled">error.jsp</result>
            <result name="cancel" type="redirect">index.jspa</result>
            <result name="error">accountform.jsp</result>
            <result name="input">accountform.jsp</result>
            <result name="success">account-success.jsp</result>
        </action>
        <action name="profile" class="com.jivesoftware.forum.action.ProfileAction">
            <result name="error">error.jsp</result>
            <result name="success">viewprofile.jsp</result>
        </action>

        <action name="guestsettings" class="com.jivesoftware.forum.action.GuestSettingsAction">
            <result name="error">settings-guest.jsp</result>
            <result name="input">settings-guest.jsp</result>
            <result name="success" type="redirect">guestsettings!default.jspa?success=true</result>
            <result name="usersettings" type="redirect">usersettings!default.jspa</result>
        </action>
        <action name="usersettings" class="com.jivesoftware.forum.action.UserSettingsAction">
            <interceptor-ref name="jiveValidationStack" />
            <result name="error">settings-user.jsp</result>
            <result name="unauthorzied">login!withRedirect.jspa</result>
            <result name="input">settings-user.jsp</result>
            <result name="success" type="redirect">usersettings!default.jspa?success=true</result>
        </action>
        <action name="watches" class="com.jivesoftware.forum.action.WatchesAction">
            <result name="error">error.jsp</result>
            <result name="login">login!default.jspa</result>
            <result name="threadaddsuccess" type="redirect">thread.jspa?threadID=${threadID}</result>
            <result name="forumaddsuccess" type="redirect">forum.jspa?forumID=${forumID}</result>
            <result name="categoryaddsuccess" type="redirect">category.jspa?categoryID=${categoryID}</result>
            <result name="useraddsuccess" type="redirect">profile.jspa?userID=${userID}</result>
            <result name="threadremovesuccess" type="redirect">thread.jspa?threadID=${threadID}</result>
            <result name="forumremovesuccess" type="redirect">forum.jspa?forumID=${forumID}</result>
            <result name="categoryremovesuccess" type="redirect">category.jspa?categoryID=${categoryID}</result>
            <result name="userremovesuccess" type="redirect">profile.jspa?userID=${userID}</result>
        </action>
        <action name="editwatches" class="com.jivesoftware.forum.action.EditWatchesAction">
            <result name="error">error.jsp</result>
            <result name="disabled"></result>
            <result name="login">login!default.jspa</result>
            <result name="input">editwatches.jsp</result>
            <result name="success" type="redirect">editwatches!default.jspa?success=true</result>
        </action>


        <action name="roster" class="com.jivesoftware.forum.action.RosterAction">
            <result name="error">error.jsp</result>
            <result name="input">viewroster.jsp</result>
            <result name="success">viewroster.jsp</result>
        </action>
        <action name="online" class="com.jivesoftware.forum.action.OnlineAction">
            <result name="error">error.jsp</result>
            <result name="success">viewonline.jsp</result>
        </action>
        <action name="emailPasswordToken" class="com.jivesoftware.forum.action.EmailResetPasswordToken">
            <interceptor-ref name="jiveValidationStack" />
            <result name="disabled">emailpassword-disabled.jsp</result>
            <result name="cancel" type="redirect">login!default.jspa</result>
            <result name="input">emailpassword.jsp</result>
            <result name="success">emailpassword-success.jsp</result>
            <result name="error">emailpassword.jsp</result>
        </action>
        <action name="resetPassword" class="com.jivesoftware.forum.action.ResetPassword">
            <interceptor-ref name="jiveValidationStack" />
            <result name="disabled">emailpassword-disabled.jsp</result>
            <result name="input">resetpassword.jsp</result>
            <result name="success">resetpassword-success.jsp</result>
            <result name="error">resetpassword.jsp</result>
        </action>
        <action name="lock" class="com.jivesoftware.forum.action.LockThreadAction">
            <result name="error">error.jsp</result>
            <result name="input">lock.jsp</result>
            <result name="cancel" type="redirect">thread.jspa?threadID=${threadID}</result>
            <result name="success" type="redirect">thread.jspa?threadID=${threadID}</result>
        </action>
        <action name="unlock" class="com.jivesoftware.forum.action.UnlockThreadAction">
            <result name="error">error.jsp</result>
            <result name="input">unlock.jsp</result>
            <result name="login">login!default.jspa</result>
            <result name="cancel" type="redirect">thread.jspa?threadID=${threadID}</result>
            <result name="success" type="redirect">thread.jspa?threadID=${threadID}</result>
        </action>
        <action name="move" class="com.jivesoftware.forum.action.MoveThreadAction">
            <result name="error">error.jsp</result>
            <result name="input">move.jsp</result>
            <result name="login">login!default.jspa</result>
            <result name="cancel" type="redirect">thread.jspa?threadID=${threadID}</result>
            <result name="success" type="redirect">thread.jspa?threadID=${threadID}</result>
        </action>
        <action name="delete" class="com.jivesoftware.forum.action.DeleteAction">
            <result name="error">error.jsp</result>
            <result name="input">delete.jsp</result>
            <result name="success">delete-success.jsp</result>
            <result name="cancel-deletethread" type="redirect">thread.jspa?threadID=${threadID}</result>
            <result name="cancel-deletemessage" type="redirect">thread.jspa?messageID=${messageID}&amp;#${messageID}</result>
        </action>
        <action name="branch" class="com.jivesoftware.forum.action.BranchAction">
            <result name="error">error.jsp</result>
            <result name="input">branch.jsp</result>
            <result name="cancel" type="redirect">thread.jspa?messageID=${messageID}&amp;#${messageID}</result>
            <result name="success" type="redirect">thread.jspa?threadID=${threadID}</result>
        </action>
        <action name="help" class="com.jivesoftware.forum.action.HelpAction">
            <result name="error">error.jsp</result>
            <result name="success">viewhelp.jsp</result>
            <result name="custom" type="redirect">${helpURL}</result>
        </action>

        <!-- Polls -->

        <action name="poll" class="com.jivesoftware.forum.action.PollViewAction">
            <result name="success">poll-view.jsp</result>
        </action>
        <action name="polls" class="com.jivesoftware.forum.action.PollsViewAction">
            <result name="unauthorized">login!default.jspa</result>
            <result name="success">poll-viewall.jsp</result>
        </action>
        <action name="pollpost" class="com.jivesoftware.forum.action.PollPostAction">
            <interceptor-ref name="jiveValidationStack" />
            <result name="input">poll-form.jsp</result>
            <result name="error">poll-form.jsp</result>
            <result name="success" type="redirect">poll.jspa?pollID=${poll.ID}</result>
            <result name="cancel" type="redirect">index.jspa</result>
            <result name="cancel-forum" type="redirect">forum.jspa?forumID=${forumID}</result>
            <result name="cancel-category" type="redirect">category.jspa?categoryID=${categoryID}</result>
        </action>
        <action name="polledit" class="com.jivesoftware.forum.action.PollEditAction">
            <interceptor-ref name="jiveValidationStack" />
            <result name="input">poll-form.jsp</result>
            <result name="error">poll-form.jsp</result>
            <result name="cancel" type="redirect">index.jspa</result>
            <result name="cancel-forum" type="redirect">forum.jspa?forumID=${poll.objectID}</result>
            <result name="cancel-category" type="redirect">category.jspa?categoryID=${poll.objectID}</result>
            <result name="success" type="redirect">poll.jspa?pollID=${poll.ID}</result>
        </action>
        <action name="pollvote" class="com.jivesoftware.forum.action.PollVoteAction">
            <interceptor-ref name="jiveValidationStack" />
            <result name="input">poll.jspa?pollID=${poll.ID}</result>
            <result name="error" type="chain">poll</result>
            <result name="success" type="redirect">poll.jspa?pollID=${poll.ID}</result>
        </action>
        <action name="pollexpire" class="com.jivesoftware.forum.action.PollExpireAction">
            <result name="input">poll-expire.jsp</result>
            <result name="success">objredirect.jspa?objectID=${poll.objectID}&amp;objectType=${poll.objectType}</result>
            <result name="cancel">poll.jspa?pollID=${pollID}</result>
        </action>
        <action name="polldelete" class="com.jivesoftware.forum.action.PollDeleteAction">
            <result name="input">poll-delete.jsp</result>
            <result name="success">objredirect.jspa?objectID=${poll.objectID}&amp;objectType=${poll.objectType}</result>
            <result name="cancel">poll.jspa?pollID=${pollID}</result>
        </action>

        <action name="forumPoll" class="com.jivesoftware.forum.action.PollAction">
            <result name="expired">poll-view-inline.jsp</result>
            <result name="input">poll-vote-inline.jsp</result>
            <result name="login">poll-view-inline.jsp</result>
            <result name="error">poll-view-inline.jsp</result>
            <result name="success">poll-view-inline.jsp</result>
            <result name="voted" type="redirect">forum.jspa?forumID=${forumID}</result>
        </action>
        <action name="forumPollFull" class="com.jivesoftware.forum.action.PollAction">
            <result name="expired">viewpoll.jsp</result>
            <result name="input">poll-vote-form.jsp</result>
            <result name="error">viewpoll.jsp</result>
            <result name="success">viewpoll.jsp</result>
        </action>

        <!-- Private messages -->
        <action name="pm" class="com.jivesoftware.forum.action.PrivateMessagesAction">
            <result name="success">pm-main.jsp</result>
            <result name="login">login!default.jspa</result>
            <result name="disabled">pm-disabled.jsp</result>
        </action>
        <action name="pmpost" class="com.jivesoftware.forum.action.PrivateMessagePostAction">
            <interceptor-ref name="jiveValidationStack" />
            <result name="login">login!default.jspa</result>
            <result name="input">pm-postform.jsp</result>
            <result name="error">pm-postform.jsp</result>
            <result name="success">pm-postsuccess.jsp</result>
            <result name="success-saveasdraft">pm-postsuccess.jsp?saveasdraft=true</result>
            <result name="cancel" type="redirect">pm.jspa</result>
            <result name="disabled">pm-disabled.jsp</result>
        </action>
        <action name="pmfolders" class="com.jivesoftware.forum.action.PrivateMessageFolderAction">
            <result name="login">login!default.jspa</result>
            <result name="error">pm-folders.jsp</result>
            <result name="success">pm-folders.jsp</result>
            <result name="disabled">pm-disabled.jsp</result>
        </action>
        <action name="pmfolderadd" class="com.jivesoftware.forum.action.PrivateMessageFolderAddAction">
            <interceptor-ref name="jiveValidationStack" />
            <result name="login">login!default.jspa</result>
            <result name="input" type="redirect">pmfolders.jspa</result>
            <result name="error" type="redirect">pmfolders.jspa</result>
            <result name="success" type="redirect">pmfolders.jspa</result>
            <result name="disabled">pm-disabled.jsp</result>
        </action>
        <action name="pmfolderedit" class="com.jivesoftware.forum.action.PrivateMessageFolderEditAction">
            <interceptor-ref name="jiveValidationStack" />
            <result name="login">login!default.jspa</result>
            <result name="input">pmfolders.jspa</result>
            <result name="error" type="redirect">pmfolders.jspa</result>
            <result name="success" type="redirect">pmfolders.jspa</result>
            <result name="cancel" type="redirect">pmfolders.jspa</result>
            <result name="disabled">pm-disabled.jsp</result>
        </action>
        <action name="pmfolderdelete" class="com.jivesoftware.forum.action.PrivateMessageFolderDeleteAction">
            <result name="login">login!default.jspa</result>
            <result name="input">pmfolders.jspa</result>
            <result name="error" type="redirect">pmfolders.jspa</result>
            <result name="success" type="redirect">pmfolders.jspa</result>
            <result name="cancel" type="redirect">pmfolders.jspa</result>
            <result name="disabled">pm-disabled.jsp</result>
        </action>
        <action name="pmview" class="com.jivesoftware.forum.action.PrivateMessageViewAction">
            <result name="login">login!default.jspa</result>
            <result name="success">pm-view.jsp</result>
            <result name="disabled">pm-disabled.jsp</result>
        </action>
        <action name="pmdispatch" class="com.jivesoftware.forum.action.ParameterNameDispatchAction">
            <result name="delete">pmdelete.jspa</result>
            <result name="move">pmmove.jspa</result>
            <result name="mark">pmmark.jspa</result>
            <result name="disabled">pm-disabled.jsp</result>
        </action>
        <action name="pmdelete" class="com.jivesoftware.forum.action.DeletePrivateMessageAction">
            <result name="success" type="redirect">pm.jspa?folderID=${folderID}</result>
            <result name="disabled">pm-disabled.jsp</result>
        </action>
        <action name="pmmove" class="com.jivesoftware.forum.action.MovePrivateMessageAction">
            <result name="success" type="redirect">pm.jspa?folderID=${folderID}</result>
            <result name="delete">pmdelete.jspa</result>
            <result name="disabled">pm-disabled.jsp</result>
        </action>
        <action name="pmmark" class="com.jivesoftware.forum.action.MarkPrivateMessageAction">
            <result name="success" type="redirect">pm.jspa?folderID=${folderID}</result>
            <result name="disabled">pm-disabled.jsp</result>
        </action>

        <!-- Address book -->
        <action name="addressbook" class="com.jivesoftware.forum.action.AddressBookAction">
            <result name="login">login!default.jspa</result>
            <result name="input">addressbook.jsp</result>
            <result name="error">addressbook.jsp</result>
            <result name="success">addressbook.jsp</result>
        </action>
        <action name="addressbookadd" class="com.jivesoftware.forum.action.AddressBookAddAction">
            <interceptor-ref name="jiveValidationStack" />
            <result name="input">addressbook.jspa</result>
            <result name="error">addressbook.jspa</result>
            <result name="success" type="redirect">addressbook.jspa</result>
        </action>
        <action name="addressbookremove" class="com.jivesoftware.forum.action.AddressBookRemoveAction">
            <interceptor-ref name="jiveValidationStack" />
            <result name="input">addressbook.jspa</result>
            <result name="error">addressbook.jspa</result>
            <result name="success" type="redirect">addressbook.jspa</result>
        </action>
        <action name="abdispatch" class="com.jivesoftware.forum.action.ParameterNameDispatchAction">
            <result name="delete">addressbookremove.jspa</result>
            <result name="message">pmpost!default.jspa</result>
        </action>

        <!-- Announcements -->
        <action name="ann" class="com.jivesoftware.forum.action.AnnounceAction">
            <result name="unauthorized">announce-view.jsp?unauth=true</result>
            <result name="success">announce-view.jsp</result>
        </action>
        <action name="annpost" class="com.jivesoftware.forum.action.PostAnnounceAction">
            <interceptor-ref name="jiveValidationStack" />
            <result name="login">login!default.jspa</result>
            <result name="input">announce-form.jsp</result>
            <result name="cancel" type="redirect">index.jspa</result>
            <result name="cancel-forum" type="redirect">forum.jspa?forumID=${forumID}</result>
            <result name="cancel-category" type="redirect">category.jspa?categoryID=${categoryID}</result>
            <result name="success" type="redirect">ann.jspa?annID=${announcement.ID}</result>
            <result name="error">announce-form.jsp</result>
        </action>
        <action name="annedit" class="com.jivesoftware.forum.action.AnnounceEditAction">
            <interceptor-ref name="jiveValidationStack" />
            <result name="login">login!default.jspa</result>
            <result name="input">announce-form.jsp</result>
            <result name="cancel">ann.jspa?annID=${annID}</result>
            <result name="cancel-forum" type="redirect">forum.jspa?forumID=${forumID}</result>
            <result name="cancel-category" type="redirect">category.jspa?categoryID=${categoryID}</result>
            <result name="success" type="redirect">ann.jspa?annID=${announcement.ID}</result>
            <result name="error">announce-form.jsp</result>
        </action>
        <action name="annexpire" class="com.jivesoftware.forum.action.AnnounceExpireAction">
            <result name="input">announce-expire.jsp</result>
            <result name="success" type="redirect">ann.jspa?annID=${annID}</result>
            <result name="cancel">ann.jspa?annID=${annID}</result>
        </action>
        <action name="anndelete" class="com.jivesoftware.forum.action.AnnounceDeleteAction">
            <result name="input">announce-delete.jsp</result>
            <result name="success">objredirect.jspa?objectID=${announcement.containerObjectID}&amp;objectType=${announcement.containerObjectType}</result>
            <result name="cancel">ann.jspa?annID=${annID}</result>
            <result name="notfound" type="redirect">index.jspa</result>
        </action>

        <!-- Object redirect actioin -->
        <action name="objredirect" class="com.jivesoftware.base.action.ObjectRedirectAction">
            <result name="category" type="redirect">category.jspa?categoryID=${objectID}</result>
            <result name="forum" type="redirect">forum.jspa?forumID=${objectID}</result>
            <result name="user" type="redirect">profile.jspa?userID=${objectID}</result>
            <result name="thread" type="redirect">thread.jspa?threadID=${objectID}</result>
            <result name="message" type="redirect">message.jspa?messageID=${objectID}</result>
            <result name="default" type="redirect">index.jspa</result>
        </action>

        <!-- RSS -->
        <action name="rss" class="com.jivesoftware.forum.action.rss.RSSMainAction">
            <result name="disabled">rss/rss.jsp</result>
            <result name="success">rss/rss.jsp</result>
        </action>
        <action name="rssforums" class="com.jivesoftware.forum.action.rss.RSSForums">
            <result name="disabled">rssdisabled.jsp</result>
            <result name="error">rsserror.jsp</result>
            <result name="success">forums.jsp</result>
            <result name="unauthorized">forums.jsp</result>
        </action>
        <action name="rssthreads" class="com.jivesoftware.forum.action.rss.RSSThreads">
            <result name="disabled">rssdisabled.jsp</result>
            <result name="error">rsserror.jsp</result>
            <result name="success">threads.jsp</result>
            <result name="unauthorized">threads.jsp</result>
        </action>
        <action name="rssmessages" class="com.jivesoftware.forum.action.rss.RSSMessages">
            <result name="disabled">rssdisabled.jsp</result>
            <result name="error">rsserror.jsp</result>
            <result name="success">messages.jsp</result>
            <result name="unauthorized">messages.jsp</result>
        </action>
        <action name="rsspopularforums" class="com.jivesoftware.forum.action.rss.RSSPopularForums">
            <result name="disabled">rssdisabled.jsp</result>
            <result name="error">rsserror.jsp</result>
            <result name="success">popularforums.jsp</result>
            <result name="unauthorized">popularforums.jsp</result>
        </action>
        <action name="rsspopularthreads" class="com.jivesoftware.forum.action.rss.RSSPopularThreads">
            <result name="disabled">rssdisabled.jsp</result>
            <result name="error">rsserror.jsp</result>
            <result name="success">popularthreads.jsp</result>
            <result name="unauthorized">popularthreads.jsp</result>
        </action>
        <action name="rssannounce" class="com.jivesoftware.forum.action.rss.RSSAnnouncements">
            <result name="disabled">rssdisabled.jsp</result>
            <result name="error">rsserror.jsp</result>
            <result name="success">announcements.jsp</result>
            <result name="unauthorized">announcements.jsp</result>
        </action>

        <!-- status level -->
        <action name="status-level-leaders" class="com.jivesoftware.forum.action.StatusLevelLeadersAction">
            <result name="success">status-level-leaders.jsp</result>
        </action>

        <!-- avatar -->
        <action name="avatar-settings" class="com.jivesoftware.forum.action.AvatarSettingsAction">
            <result name="error">error.jsp</result>
            <result name="cancel" type="redirect">usersettings!default.jspa</result>
            <result name="success">avatar-settings.jsp</result>
        </action>
        <action name="avatar-set-active" class="com.jivesoftware.forum.action.AvatarSetActiveAction">
            <result name="success" type="redirect">usersettings!default.jspa?success=true</result>
            <result name="cancel" type="redirect">usersettings!default.jspa</result>
            <result name="error">avatar-settings.jspa</result>
        </action>
        <action name="avatar-display" class="com.jivesoftware.forum.action.AvatarDisplayAction">
            <result name="success" type="stream">
                <param name="parse">false</param>
                <param name="contentType">image/png</param>
                <param name="inputName">imageStream</param>
                <param name="bufferSize">1024</param>
            </result>
        </action>
    </package>

</xwork>