<validators>
    <!-- xwork/webwork2 provided validators -->
    <validator name="required" class="com.opensymphony.xwork.validator.validators.RequiredFieldValidator"/>
    <validator name="requiredstring" class="com.opensymphony.xwork.validator.validators.RequiredStringValidator"/>
    <validator name="int" class="com.opensymphony.xwork.validator.validators.IntRangeFieldValidator"/>
    <validator name="date" class="com.opensymphony.xwork.validator.validators.DateRangeFieldValidator"/>
    <validator name="expression" class="com.opensymphony.xwork.validator.validators.ExpressionValidator"/>
    <validator name="fieldexpression" class="com.opensymphony.xwork.validator.validators.FieldExpressionValidator"/>
    <validator name="email" class="com.opensymphony.xwork.validator.validators.EmailValidator"/>
    <validator name="url" class="com.opensymphony.xwork.validator.validators.URLValidator"/>
    <validator name="visitor" class="com.opensymphony.xwork.validator.validators.VisitorFieldValidator"/>
    <validator name="conversion" class="com.opensymphony.xwork.validator.validators.ConversionErrorFieldValidator"/>
    <validator name="stringlength" class="com.opensymphony.xwork.validator.validators.StringLengthFieldValidator"/>

    <!-- javascrpt validators -->
    <validator name="jscriptrequiredstring" class="com.opensymphony.webwork.validators.JavaScriptRequiredStringValidator"/>
    <validator name="jscriptint" class="com.opensymphony.webwork.validators.JavaScriptIntRangeFieldValidator"/>
    <validator name="jscriptdate" class="com.opensymphony.webwork.validators.JavaScriptDateRangeFieldValidator"/>
    <validator name="jscriptemail" class="com.opensymphony.webwork.validators.JavaScriptEmailValidator"/>
    <validator name="jscripturl" class="com.opensymphony.webwork.validators.JavaScriptURLValidator"/>
    <validator name="jscriptvisitor" class="com.opensymphony.webwork.validators.JavaScriptVisitorFieldValidator"/>

    <!-- Jive validators -->
    <validator name="setupusersystemmode" class="com.jivesoftware.forum.action.setup.UserSystemModeValidator"/>
    <validator name="setupdatasourcemode" class="com.jivesoftware.forum.action.setup.DatasourceSetupActionValidator" />
    <validator name="jiveconversion" class="com.jivesoftware.base.action.setup.JiveConversionErrorFieldValidator" />
</validators>