<!DOCTYPE xwork PUBLIC "-//OpenSymphony Group//XWork 1.0//EN" "http://www.opensymphony.com/xwork/xwork-1.0.dtd">

<xwork>
    <package name="forum-admin-package" extends="webwork-default" namespace="/admin">
        <interceptors>
            <!-- Special validation interceptor that won't validate if the action is called with a !default command -->
            <interceptor name="jivevalidation" class="com.jivesoftware.base.action.ConditionalValidationInterceptor">
                <param name="disallow">default</param>
            </interceptor>
            <interceptor name="jiveworkflow" class="com.jivesoftware.base.action.JiveWorkflowInterceptor">
                <param name="disallow">default</param>
            </interceptor>
            <interceptor name="jiveparams" class="com.jivesoftware.base.action.TrimmedParametersInterceptor"/>
            <interceptor name="jive-token-session" class="com.jivesoftware.base.action.JiveTokenSessionStoreInterceptor"/>
            <interceptor name="jiveFileUpload" class="com.jivesoftware.base.action.util.FileUploadInterceptor"/>
            <interceptor name="security" class="com.jivesoftware.forum.action.AdminSecurityInterceptor"/>

            <interceptor-stack name="defaultStack">
                <interceptor-ref name="timer"/>
                <interceptor-ref name="static-params"/>
                <interceptor-ref name="model-driven"/>
                <interceptor-ref name="fileUpload"/>
                <interceptor-ref name="jiveparams"/>
                <interceptor-ref name="conversionError"/>
                <interceptor-ref name="servlet-config"/>
                <interceptor-ref name="chain"/>
            </interceptor-stack>

            <interceptor-stack name="workflowStack">
                <interceptor-ref name="defaultStack"/>
                <interceptor-ref name="workflow"/>
            </interceptor-stack>

            <interceptor-stack name="jiveValidationStack">
                <interceptor-ref name="defaultStack"/>
                <interceptor-ref name="jivevalidation"/>
                <interceptor-ref name="jiveworkflow"/>
            </interceptor-stack>

            <interceptor-stack name="jivePrepareValidationStack">
                <interceptor-ref name="prepare"/>
                <interceptor-ref name="defaultStack"/>
                <interceptor-ref name="jivevalidation"/>
                <interceptor-ref name="jiveworkflow"/>
            </interceptor-stack>
        </interceptors>

        <default-interceptor-ref name="defaultStack"/>

        <global-results>
            <result name="login">login.jsp</result>
        </global-results>

        <!-- Utility Actions -->
        <action name="doRedirect" class="com.jivesoftware.base.action.util.RedirectAction">
            <result name="error" type="dispatcher">
                <param name="location">error.jsp</param>
            </result>
            <result name="default" type="dispatcher">
                <param name="location">index.jsp</param>
            </result>
        </action>

        <action name="admineditattach" class="com.jivesoftware.forum.action.EditAttachAction">
            <interceptor-ref name="jiveFileUpload"/>
            <interceptor-ref name="defaultStack"/>

            <result name="input" type="dispatcher">
                <param name="location">forum-content-editattachments.jsp</param>
            </result>
            <result name="attachmentrename" type="dispatcher">
                <param name="location">forum-content-renameattachment.jsp</param>
            </result>
            <result name="attachmentrenamesuccess" type="redirect">
                <param name="location">adminedit!default.jspa?forumID=${forumID}&amp;threadID=${threadID}&amp;messageID=${messageID}</param>
            </result>
            <result name="error" type="dispatcher">
                <param name="location">forum-content-editattachments.jsp</param>
            </result>
            <result name="login" type="dispatcher">
                <param name="location">login.jsp</param>
            </result>
            <result name="success-edit" type="redirect">
                <param name="location">adminedit!default.jspa?forumID=${forumID}&amp;threadID=${threadID}&amp;messageID=${messageID}</param>
            </result>
            <result name="goback" type="dispatcher">
                <param name="location">adminedit!default.jspa?forumID=${forumID}&amp;threadID=${threadID}&amp;messageID=${messageID}</param>
            </result>
            <result name="unauth" type="dispatcher">
                <param name="location">login.jsp</param>
            </result>
            <result name="cancel-topic" type="redirect">
                <param name="location">adminedit!default.jspa?forumID=${forumID}&amp;threadID=${threadID}&amp;messageID=${messageID}</param>
            </result>
            <result name="success-delete" type="dispatcher">
                <param name="location">forum-content-editattachments.jsp</param>
            </result>
        </action>
        <action name="adminedit" class="com.jivesoftware.forum.action.EditAction">
            <result name="cancel" type="redirect">
                <param name="location">forum-content-thread.jsp?forum=${forumID}&amp;thread=${threadID}&amp;message=${messageID}</param>
            </result>
            <result name="success" type="redirect">
                <param name="location">forum-content-thread.jsp?forum=${forumID}&amp;thread=${threadID}&amp;message=${messageID}</param>
            </result>
            <result name="error" type="dispatcher">
                <param name="location">error.jsp</param>
            </result>
            <result name="input" type="dispatcher">
                <param name="location">forum-content-edit.jsp</param>
            </result>
            <result name="login" type="dispatcher">
                <param name="location">login.jsp</param>
            </result>
        </action>

        <!-- avatars -->
        <action name="avatar-adminupload" class="com.jivesoftware.forum.action.AvatarUploadAction">
            <result name="success" type="redirect">settings-avatars.jsp</result>
            <result name="error">settings-avatars.jsp</result>
            <result name="input">settings-avatars.jsp</result>
            <interceptor-ref name="security"/>
            <interceptor-ref name="jiveValidationStack"/>
        </action>

        <!-- Moderation -->
        <action name="moderation" class="com.jivesoftware.forum.moderation.action.ViewModerateAction">
            <result name="success">moderation.jsp</result>
            <result name="error">error.jsp</result>
        </action>

        <action name="moderate-bulk" class="com.jivesoftware.forum.moderation.action.BulkModerateAction">
            <result name="success" type="httpheader">204</result>
            <result name="success-reload" type="redirect">moderation.jspa?forumID=${forumID}</result>
        </action>

    </package>

</xwork>