<!DOCTYPE xwork PUBLIC "-//OpenSymphony Group//XWork 1.0//EN" "http://www.opensymphony.com/xwork/xwork-1.0.dtd">

<xwork>

    <package name="forum-setup-package" extends="webwork-default" namespace="/admin/setup">
        <interceptors>
            <!-- Special validation interceptor that won't validate if the action is called with a !default command -->
            <interceptor name="jivevalidation" class="com.jivesoftware.base.action.ConditionalValidationInterceptor">
                <param name="disallow">default</param>
            </interceptor>
            <interceptor name="jiveparams" class="com.jivesoftware.base.action.TrimmedParametersInterceptor"/>
            <interceptor name="jive-token-session" class="com.jivesoftware.base.action.JiveTokenSessionStoreInterceptor"/>
            <interceptor name="jiveworkflow" class="com.jivesoftware.base.action.JiveWorkflowInterceptor">
                <param name="disallow">default</param>
            </interceptor>

            <interceptor-stack name="defaultStack">
                <interceptor-ref name="static-params"/>
                <interceptor-ref name="model-driven"/>
                <interceptor-ref name="servlet-config"/>
                <interceptor-ref name="jiveparams"/>
                <interceptor-ref name="conversionError"/>
            </interceptor-stack>

            <interceptor-stack name="workflowStack">
                <interceptor-ref name="defaultStack"/>
                <interceptor-ref name="jiveworkflow"/>
            </interceptor-stack>

            <interceptor-stack name="jiveValidationStack">
                <interceptor-ref name="defaultStack"/>
                <interceptor-ref name="jivevalidation"/>
                <interceptor-ref name="jiveworkflow"/>
            </interceptor-stack>

            <interceptor-stack name="jivePrepareValidationStack">
                <interceptor-ref name="prepare"/>
                <interceptor-ref name="defaultStack"/>
                <interceptor-ref name="jivevalidation"/>
                <interceptor-ref name="jiveworkflow"/>
            </interceptor-stack>
        </interceptors>

        <default-interceptor-ref name="defaultStack"/>

        <action name="setup" class="com.jivesoftware.forum.action.setup.SetupActionSupport"/>

        <action name="setup.index" class="com.jivesoftware.forum.action.setup.SetupAction">
            <interceptor-ref name="workflowStack"/>

            <result name="error">main.jsp</result>
            <result name="input">main.jsp</result>
            <result name="incomplete">index.jsp</result>
            <result name="next" type="redirect">setup.datasource!default.jspa</result>
            <result name="success">main.jsp</result>
        </action>

        <action name="setup.datasource" class="com.jivesoftware.forum.action.setup.DatasourceSetupAction">
            <interceptor-ref name="jivePrepareValidationStack"/>

            <result name="error">datasource.jsp</result>
            <result name="input">datasource.jsp</result>
            <result name="embedded">datasource-embedded.jsp</result>
            <result name="datasource" type="redirect">setup.jndidatasource!default.jspa</result>
            <result name="thirdparty" type="redirect">setup.thirdpartydatasource!default.jspa</result>
            <result name="next" type="redirect">setup.usersystem!default.jspa</result>
            <result name="success">datasource.jsp</result>
        </action>

        <action name="setup.jndidatasource" class="com.jivesoftware.forum.action.setup.JndiDatasourceSetupAction">
            <interceptor-ref name="jivePrepareValidationStack"/>

            <result name="error">datasource-jndi.jsp</result>
            <result name="input">datasource-jndi.jsp</result>
            <result name="next" type="redirect">setup.usersystem!default.jspa</result>
            <result name="success">datasource-jndi.jsp</result>
        </action>

        <action name="setup.thirdpartydatasource" class="com.jivesoftware.forum.action.setup.ThirdPartyDatasourceSetupAction">
            <interceptor-ref name="jivePrepareValidationStack"/>
            <interceptor-ref name="jive-token-session"/>

            <result name="error">datasource-thirdparty.jsp</result>
            <result name="input">datasource-thirdparty.jsp</result>
            <result name="next" type="redirect">setup.usersystem!default.jspa</result>
            <result name="success">datasource-thirdparty.jsp</result>
            <result name="invalid.token">datasource-thirdparty.jsp</result>
        </action>

        <action name="setup.usersystem" class="com.jivesoftware.forum.action.setup.UserSystemSetupAction">
            <interceptor-ref name="jiveValidationStack"/>

            <result name="error">usersystem.jsp</result>
            <result name="input">usersystem.jsp</result>
            <result name="custom" type="redirect">setup.customusersystem!default.jspa</result>
            <result name="next" type="redirect">setup.email!default.jspa</result>
            <result name="success">usersystem.jsp</result>
        </action>

        <action name="setup.customusersystem" class="com.jivesoftware.forum.action.setup.CustomUserSystemSetupAction">
            <interceptor-ref name="jivePrepareValidationStack"/>

            <result name="error">usersystem-custom.jsp</result>
            <result name="input">usersystem-custom.jsp</result>
            <result name="next" type="redirect">setup.email!default.jspa</result>
            <result name="success">usersystem-custom.jsp</result>
        </action>

        <action name="setup.email" class="com.jivesoftware.forum.action.setup.EmailSetupAction">
            <!--
                 The servlet-config must be before the prepare interceptor
                 because otherwise a NPE will be thrown.
            -->
            <interceptor-ref name="static-params"/>
            <interceptor-ref name="model-driven"/>
            <interceptor-ref name="servlet-config"/>
            <interceptor-ref name="prepare"/>
            <interceptor-ref name="jiveparams"/>
            <interceptor-ref name="conversionError"/>            
            <interceptor-ref name="jivevalidation"/>
            <interceptor-ref name="jiveworkflow"/>

            <result name="error">email.jsp</result>
            <result name="input">email.jsp</result>
            <result name="next" type="redirect">setup.adminacct!default.jspa</result>
            <result name="success">email.jsp</result>
        </action>

        <action name="setup.adminacct" class="com.jivesoftware.forum.action.setup.AdminSetupAction">
            <interceptor-ref name="jivePrepareValidationStack"/>

            <result name="error">adminacct.jsp</result>
            <result name="input">adminacct.jsp</result>
            <result name="next" type="redirect">finish.jsp</result>
            <result name="success">adminacct.jsp</result>
        </action>

    </package>
</xwork>