--
-- DO NOT EDIT THIS FILE!!!
--

-- User #1
INSERT INTO common_oltp:user (user_id, first_name, last_name, handle, status, timezone_id) VALUES (1, 'dok', 'dok', 'dok_test', 'A', 143);
INSERT INTO common_oltp:security_user VALUES (1, 'dok_test', '4EjPjy6o+/C+dqNPnxIy9A==', null);
INSERT INTO informixoltp:coder (coder_id, member_since, coder_type_id) VALUES (1, current, 2);
INSERT INTO common_oltp:user_group_xref (user_group_id, login_id, group_id, security_status_id) VALUES (1, 1, 14, 1);
INSERT INTO common_oltp:user_group_xref (user_group_id, login_id, group_id, security_status_id) VALUES (2, 1, 2000118, 1);
INSERT INTO email (user_id, email_id, email_type_id, address, primary_ind, status_id) VALUES (1, 1,1, 'fake@fake.com', 1, 1);

-- Contest #1 - TopCoder Direct channel
INSERT INTO contest (contest_id,name,start_time,end_time,contest_status_id, contest_channel_id,contest_type_id,tc_direct_project_id,create_user_id) VALUES (1,'TC Direct Contest #1','2008-02-01 17:04:25','2009-03-22 16:11:00',2,2,1,100,132456);

INSERT INTO contest_config (contest_id,property_id,property_value) VALUES (1, 1, 'Sample contest #1 used by unit tests');
INSERT INTO contest_config (contest_id,property_id,property_value) VALUES (1, 2, 'Prize description for sample contest #1');
INSERT INTO contest_config (contest_id,property_id,property_value) VALUES (1, 3, 'true');
INSERT INTO contest_config (contest_id,property_id,property_value) VALUES (1, 4, null);
INSERT INTO contest_config (contest_id,property_id,property_value) VALUES (1, 5, null);
INSERT INTO contest_config (contest_id,property_id,property_value) VALUES (1, 6, null);
INSERT INTO contest_config (contest_id,property_id,property_value) VALUES (1, 7, null);
INSERT INTO contest_config (contest_id,property_id,property_value) VALUES (1, 8, null);
INSERT INTO contest_config (contest_id,property_id,property_value) VALUES (1, 9, 'true');
INSERT INTO contest_config (contest_id,property_id,property_value) VALUES (1, 10, 'false');
INSERT INTO contest_config (contest_id,property_id,property_value) VALUES (1, 11, 'true');

INSERT INTO contest_file_type_xref (contest_id,file_type_id,create_date) VALUES (1, 14, CURRENT);
INSERT INTO contest_file_type_xref (contest_id,file_type_id,create_date) VALUES (1, 16, CURRENT);

INSERT INTO prize (prize_id,place,amount,prize_type_id,create_date) VALUES (1, 1, 100.00, 2, CURRENT);
INSERT INTO prize (prize_id,place,amount,prize_type_id,create_date) VALUES (2, 2, 50.00, 2, CURRENT);
INSERT INTO prize (prize_id,place,amount,prize_type_id,create_date) VALUES (3, 3, 25.00, 2, CURRENT);

INSERT INTO contest_prize_xref (contest_id,prize_id,create_date) VALUES (1, 1, CURRENT);
INSERT INTO contest_prize_xref (contest_id,prize_id,create_date) VALUES (1, 2, CURRENT);
INSERT INTO contest_prize_xref (contest_id,prize_id,create_date) VALUES (1, 3, CURRENT);

INSERT INTO contest_registration (contest_id,user_id,terms_of_use_id,create_date) VALUES (1, 1, 1, CURRENT);


-- Contest #2 - Studio Administrator channel
INSERT INTO contest (contest_id,name,start_time,end_time,contest_status_id,contest_channel_id,contest_type_id,tc_direct_project_id,create_user_id) VALUES (2,'TC Studio Administrator #2','2008-02-01 17:04:25','2009-03-22 16:11:00',2,1,2,102,132456);

INSERT INTO contest_config (contest_id,property_id,property_value) VALUES (2, 1, 'Sample contest #2 used by unit tests');
INSERT INTO contest_config (contest_id,property_id,property_value) VALUES (2, 2, 'Prize description for sample contest #2');
INSERT INTO contest_config (contest_id,property_id,property_value) VALUES (2, 3, 'true');
INSERT INTO contest_config (contest_id,property_id,property_value) VALUES (2, 4, null);
INSERT INTO contest_config (contest_id,property_id,property_value) VALUES (2, 5, null);
INSERT INTO contest_config (contest_id,property_id,property_value) VALUES (2, 6, null);
INSERT INTO contest_config (contest_id,property_id,property_value) VALUES (2, 7, null);
INSERT INTO contest_config (contest_id,property_id,property_value) VALUES (2, 8, null);
INSERT INTO contest_config (contest_id,property_id,property_value) VALUES (2, 9, 'true');
INSERT INTO contest_config (contest_id,property_id,property_value) VALUES (2, 10, 'false');
INSERT INTO contest_config (contest_id,property_id,property_value) VALUES (2, 11, 'true');

INSERT INTO contest_file_type_xref (contest_id,file_type_id,create_date) VALUES (2, 14, CURRENT);
INSERT INTO contest_file_type_xref (contest_id,file_type_id,create_date) VALUES (2, 16, CURRENT);

INSERT INTO prize (prize_id,place,amount,prize_type_id,create_date) VALUES (4, 1, 100.00, 1, CURRENT);
INSERT INTO prize (prize_id,place,amount,prize_type_id,create_date) VALUES (5, 2, 50.00, 1, CURRENT);
INSERT INTO prize (prize_id,place,amount,prize_type_id,create_date) VALUES (6, 3, 25.00, 1, CURRENT);

INSERT INTO contest_prize_xref (contest_id,prize_id,create_date) VALUES (2, 4, CURRENT);
INSERT INTO contest_prize_xref (contest_id,prize_id,create_date) VALUES (2, 5, CURRENT);
INSERT INTO contest_prize_xref (contest_id,prize_id,create_date) VALUES (2, 6, CURRENT);

INSERT INTO contest_registration (contest_id,user_id,terms_of_use_id,create_date) VALUES (2, 1, 1, CURRENT);


-- Contest #3 - Studio Administrator channel, Logo
INSERT INTO contest (contest_id,name,start_time,end_time,contest_status_id,contest_channel_id,contest_type_id,tc_direct_project_id,create_user_id) VALUES (3,'TC Studio Administrator #3','2008-02-01 17:04:25','2009-03-22 16:11:00',2,1,3,103,132456);

INSERT INTO contest_config (contest_id,property_id,property_value) VALUES (3, 1, 'Sample contest #3 used by unit tests');
INSERT INTO contest_config (contest_id,property_id,property_value) VALUES (3, 2, 'Prize description for sample contest #3');
INSERT INTO contest_config (contest_id,property_id,property_value) VALUES (3, 3, 'true');
INSERT INTO contest_config (contest_id,property_id,property_value) VALUES (3, 4, null);
INSERT INTO contest_config (contest_id,property_id,property_value) VALUES (3, 5, null);
INSERT INTO contest_config (contest_id,property_id,property_value) VALUES (3, 6, null);
INSERT INTO contest_config (contest_id,property_id,property_value) VALUES (3, 7, null);
INSERT INTO contest_config (contest_id,property_id,property_value) VALUES (3, 8, null);
INSERT INTO contest_config (contest_id,property_id,property_value) VALUES (3, 9, 'true');
INSERT INTO contest_config (contest_id,property_id,property_value) VALUES (3, 10, 'true');
INSERT INTO contest_config (contest_id,property_id,property_value) VALUES (3, 11, 'false');

INSERT INTO contest_file_type_xref (contest_id,file_type_id,create_date) VALUES (3, 14, CURRENT);
INSERT INTO contest_file_type_xref (contest_id,file_type_id,create_date) VALUES (3, 16, CURRENT);

INSERT INTO prize (prize_id,place,amount,prize_type_id,create_date) VALUES (7, 1, 100.00, 1, CURRENT);
INSERT INTO prize (prize_id,place,amount,prize_type_id,create_date) VALUES (8, 2, 50.00, 1, CURRENT);
INSERT INTO prize (prize_id,place,amount,prize_type_id,create_date) VALUES (9, 3, 25.00, 1, CURRENT);

INSERT INTO contest_prize_xref (contest_id,prize_id,create_date) VALUES (3, 7, CURRENT);
INSERT INTO contest_prize_xref (contest_id,prize_id,create_date) VALUES (3, 8, CURRENT);
INSERT INTO contest_prize_xref (contest_id,prize_id,create_date) VALUES (3, 9, CURRENT);

INSERT INTO contest_registration (contest_id,user_id,terms_of_use_id,create_date) VALUES (3, 1, 1, CURRENT);


-- Contest #4 - Studio Administrator channel, Logo, closed, requires image
INSERT INTO contest (contest_id,name,start_time,end_time,contest_status_id,contest_channel_id,contest_type_id,tc_direct_project_id,create_user_id) VALUES (4,'TC Studio Administrator #4','2008-02-01 17:04:25','2008-02-20 16:11:00',2,1,3,103,1);

INSERT INTO contest_config (contest_id,property_id,property_value) VALUES (4, 1, 'Sample contest #3 used by unit tests');
INSERT INTO contest_config (contest_id,property_id,property_value) VALUES (4, 2, 'Prize description for sample contest #3');
INSERT INTO contest_config (contest_id,property_id,property_value) VALUES (4, 3, 'true');
INSERT INTO contest_config (contest_id,property_id,property_value) VALUES (4, 4, null);
INSERT INTO contest_config (contest_id,property_id,property_value) VALUES (4, 5, null);
INSERT INTO contest_config (contest_id,property_id,property_value) VALUES (4, 6, null);
INSERT INTO contest_config (contest_id,property_id,property_value) VALUES (4, 7, null);
INSERT INTO contest_config (contest_id,property_id,property_value) VALUES (4, 8, null);
INSERT INTO contest_config (contest_id,property_id,property_value) VALUES (4, 9, 'true');
INSERT INTO contest_config (contest_id,property_id,property_value) VALUES (4, 10, 'true');
INSERT INTO contest_config (contest_id,property_id,property_value) VALUES (4, 11, 'false');

INSERT INTO contest_file_type_xref (contest_id,file_type_id,create_date) VALUES (4, 14, CURRENT);
INSERT INTO contest_file_type_xref (contest_id,file_type_id,create_date) VALUES (4, 16, CURRENT);

INSERT INTO prize (prize_id,place,amount,prize_type_id,create_date) VALUES (10, 1, 100.00, 1, CURRENT);
INSERT INTO prize (prize_id,place,amount,prize_type_id,create_date) VALUES (11, 2, 50.00, 1, CURRENT);
INSERT INTO prize (prize_id,place,amount,prize_type_id,create_date) VALUES (12, 3, 25.00, 1, CURRENT);

INSERT INTO contest_prize_xref (contest_id,prize_id,create_date) VALUES (4, 10, CURRENT);
INSERT INTO contest_prize_xref (contest_id,prize_id,create_date) VALUES (4, 11, CURRENT);
INSERT INTO contest_prize_xref (contest_id,prize_id,create_date) VALUES (4, 12, CURRENT);

INSERT INTO contest_registration (contest_id,user_id,terms_of_use_id,create_date) VALUES (4, 1, 1, CURRENT);

INSERT INTO path (path_id, path, modify_date) VALUES (1, 'test_files/studio/submissions/4/dok_test_1/', CURRENT);

INSERT INTO submission (submission_id,submitter_id,contest_id,create_date,original_file_name,system_file_name,path_id,submission_type_id,mime_type_id,rank,submission_date,height,width,submission_status_id,modify_date,or_submission_id) VALUES (1,1,4,CURRENT,'tcs.zip', 'tcs_submission.zip', 1, 1, 15, 1, CURRENT, null, null, 1, CURRENT, null);

INSERT INTO submission_prize_xref (submission_id, prize_id, create_date) VALUES (1, 10, CURRENT);

INSERT INTO contest_result (submission_id, contest_id, create_date, placed, final_score) VALUES (1, 4, CURRENT, 1, 98.00);

INSERT INTO submission_review (submission_id, reviewer_id, text, review_status_id, modify_date) VALUES (1, 1, 'Pass', 1, CURRENT);

INSERT INTO image (image_id, file_name, image_type_id, path_id, link, height, width, modify_date, original_file_name) VALUES (17, '1_18_1.jpg', 18, 1, '', 100, 100, CURRENT, '1.jpg');
INSERT INTO image (image_id, file_name, image_type_id, path_id, link, height, width, modify_date, original_file_name) VALUES (18, '1_22_1.png', 22, 1, '', 100, 100, CURRENT, '2.jpg');
INSERT INTO image (image_id, file_name, image_type_id, path_id, link, height, width, modify_date, original_file_name) VALUES (19, '1_23_1.png', 23, 1, '', 100, 100, CURRENT, '3.jpg');
INSERT INTO image (image_id, file_name, image_type_id, path_id, link, height, width, modify_date, original_file_name) VALUES (20, '1_19_1.png', 19, 1, '', 100, 100, CURRENT, '3.jpg');
INSERT INTO image (image_id, file_name, image_type_id, path_id, link, height, width, modify_date, original_file_name) VALUES (21, '1_20_1.png', 20, 1, '', 100, 100, CURRENT, '3.jpg');
INSERT INTO image (image_id, file_name, image_type_id, path_id, link, height, width, modify_date, original_file_name) VALUES (22, '1_21_1.jpg', 21, 1, '', 100, 100, CURRENT, '3.jpg');

INSERT INTO submission_image (submission_id, image_id, sort_order) VALUES (1, 17, 1);
INSERT INTO submission_image (submission_id, image_id, sort_order) VALUES (1, 18, 2);
INSERT INTO submission_image (submission_id, image_id, sort_order) VALUES (1, 19, 3);
INSERT INTO submission_image (submission_id, image_id, sort_order) VALUES (1, 20, 4);
INSERT INTO submission_image (submission_id, image_id, sort_order) VALUES (1, 21, 5);
INSERT INTO submission_image (submission_id, image_id, sort_order) VALUES (1, 22, 6);

-- Contest #5 - Studio Administrator channel, Logo, closed, requires file 
INSERT INTO contest (contest_id,name,start_time,end_time,contest_status_id,contest_channel_id,contest_type_id,tc_direct_project_id,create_user_id) VALUES (5,'TC Studio Administrator #5','2008-02-01 17:04:25','2008-02-20 16:11:00',2,1,2,103,1);

INSERT INTO contest_config (contest_id,property_id,property_value) VALUES (5, 1, 'Sample contest #5 used by unit tests');
INSERT INTO contest_config (contest_id,property_id,property_value) VALUES (5, 2, 'Prize description for sample contest #5');
INSERT INTO contest_config (contest_id,property_id,property_value) VALUES (5, 3, 'true');
INSERT INTO contest_config (contest_id,property_id,property_value) VALUES (5, 4, null);
INSERT INTO contest_config (contest_id,property_id,property_value) VALUES (5, 5, null);
INSERT INTO contest_config (contest_id,property_id,property_value) VALUES (5, 6, null);
INSERT INTO contest_config (contest_id,property_id,property_value) VALUES (5, 7, null);
INSERT INTO contest_config (contest_id,property_id,property_value) VALUES (5, 8, null);
INSERT INTO contest_config (contest_id,property_id,property_value) VALUES (5, 9, 'true');
INSERT INTO contest_config (contest_id,property_id,property_value) VALUES (5, 10, 'false');
INSERT INTO contest_config (contest_id,property_id,property_value) VALUES (5, 11, 'true');

INSERT INTO contest_file_type_xref (contest_id,file_type_id,create_date) VALUES (5, 14, CURRENT);
INSERT INTO contest_file_type_xref (contest_id,file_type_id,create_date) VALUES (5, 16, CURRENT);

INSERT INTO prize (prize_id,place,amount,prize_type_id,create_date) VALUES (13, 1, 100.00, 1, CURRENT);
INSERT INTO prize (prize_id,place,amount,prize_type_id,create_date) VALUES (14, 2, 50.00, 1, CURRENT);
INSERT INTO prize (prize_id,place,amount,prize_type_id,create_date) VALUES (15, 3, 25.00, 1, CURRENT);

INSERT INTO contest_prize_xref (contest_id,prize_id,create_date) VALUES (5, 13, CURRENT);
INSERT INTO contest_prize_xref (contest_id,prize_id,create_date) VALUES (5, 14, CURRENT);
INSERT INTO contest_prize_xref (contest_id,prize_id,create_date) VALUES (5, 15, CURRENT);

INSERT INTO contest_registration (contest_id,user_id,terms_of_use_id,create_date) VALUES (5, 1, 1, CURRENT);

INSERT INTO path (path_id, path, modify_date) VALUES (2, 'test_files/studio/submissions/5/dok_test_1/', CURRENT);

INSERT INTO submission (submission_id,submitter_id,contest_id,create_date,original_file_name,system_file_name,path_id,submission_type_id,mime_type_id,rank,submission_date,height,width,submission_status_id,modify_date,or_submission_id) VALUES (2,1,5,CURRENT,'tcs.zip', 'tcs_submission.zip', 2, 1, 15, 1, CURRENT, null, null, 1, CURRENT, null);

INSERT INTO submission_prize_xref (submission_id, prize_id, create_date) VALUES (2, 13, CURRENT);

INSERT INTO contest_result (submission_id, contest_id, create_date, placed, final_score) VALUES (2, 5, CURRENT, 1, 98.00);

INSERT INTO submission_review (submission_id, reviewer_id, text, review_status_id, modify_date) VALUES (2, 1, 'Pass', 1, CURRENT);

INSERT INTO image (image_id, file_name, image_type_id, path_id, link, height, width, modify_date, original_file_name) VALUES (23, '2_21_1.jpg', 21, 2, '', 100, 100, CURRENT, '3.jpg');

INSERT INTO submission_image (submission_id, image_id, sort_order) VALUES (2, 23, 1);

-- Contest #6 - Studio Administrator channel V1, Storyboard, closed, requires preview file
INSERT INTO contest (contest_id,name,start_time,end_time,contest_status_id,contest_channel_id,contest_type_id,tc_direct_project_id,create_user_id) VALUES (6,'TC Studio Administrator #6','2008-02-01 17:04:25','2008-02-20 16:11:00',2,3,1,103,1);

INSERT INTO contest_config (contest_id,property_id,property_value) VALUES (6, 1, 'Sample contest #6 used by unit tests');
INSERT INTO contest_config (contest_id,property_id,property_value) VALUES (6, 2, 'Prize description for sample contest #6');
INSERT INTO contest_config (contest_id,property_id,property_value) VALUES (6, 3, 'true');
INSERT INTO contest_config (contest_id,property_id,property_value) VALUES (6, 4, null);
INSERT INTO contest_config (contest_id,property_id,property_value) VALUES (6, 5, null);
INSERT INTO contest_config (contest_id,property_id,property_value) VALUES (6, 6, null);
INSERT INTO contest_config (contest_id,property_id,property_value) VALUES (6, 7, null);
INSERT INTO contest_config (contest_id,property_id,property_value) VALUES (6, 8, null);
INSERT INTO contest_config (contest_id,property_id,property_value) VALUES (6, 9, 'true');
INSERT INTO contest_config (contest_id,property_id,property_value) VALUES (6, 10, 'false');
INSERT INTO contest_config (contest_id,property_id,property_value) VALUES (6, 11, 'true');

INSERT INTO contest_file_type_xref (contest_id,file_type_id,create_date) VALUES (6, 14, CURRENT);
INSERT INTO contest_file_type_xref (contest_id,file_type_id,create_date) VALUES (6, 16, CURRENT);

INSERT INTO prize (prize_id,place,amount,prize_type_id,create_date) VALUES (16, 1, 100.00, 1, CURRENT);
INSERT INTO prize (prize_id,place,amount,prize_type_id,create_date) VALUES (17, 2, 50.00, 1, CURRENT);
INSERT INTO prize (prize_id,place,amount,prize_type_id,create_date) VALUES (18, 3, 25.00, 1, CURRENT);

INSERT INTO contest_prize_xref (contest_id,prize_id,create_date) VALUES (6, 16, CURRENT);
INSERT INTO contest_prize_xref (contest_id,prize_id,create_date) VALUES (6, 17, CURRENT);
INSERT INTO contest_prize_xref (contest_id,prize_id,create_date) VALUES (6, 18, CURRENT);

INSERT INTO contest_registration (contest_id,user_id,terms_of_use_id,create_date) VALUES (6, 1, 1, CURRENT);

INSERT INTO path (path_id, path, modify_date) VALUES (3, 'test_files/studio/submissions/6/dok_test_1/', CURRENT);

INSERT INTO submission (submission_id,submitter_id,contest_id,create_date,original_file_name,system_file_name,path_id,submission_type_id,mime_type_id,rank,submission_date,height,width,submission_status_id,modify_date,or_submission_id) VALUES (3,1,6,CURRENT,'tcs.zip', 'tcs_submission.zip', 3, 1, 15, 1, CURRENT, null, null, 1, CURRENT, null);

INSERT INTO submission_prize_xref (submission_id, prize_id, create_date) VALUES (3, 16, CURRENT);

INSERT INTO contest_result (submission_id, contest_id, create_date, placed, final_score) VALUES (3, 6, CURRENT, 1, 98.00);

INSERT INTO submission_review (submission_id, reviewer_id, text, review_status_id, modify_date) VALUES (3, 1, 'Pass', 1, CURRENT);

INSERT INTO submission_payment (submission_id, payment_status_id, price) VALUES (3, 1, 100.00);

-- Contest #7 - Studio Administrator channel V1, Storyboard, open, requires preview file
INSERT INTO contest (contest_id,name,start_time,end_time,contest_status_id,contest_channel_id,contest_type_id,tc_direct_project_id,create_user_id) VALUES (7,'TC Studio Administrator #7','2008-02-01 17:04:25','2009-02-20 16:11:00',2,3,1,103,132456);

INSERT INTO contest_config (contest_id,property_id,property_value) VALUES (7, 1, 'Sample contest #7 used by unit tests');
INSERT INTO contest_config (contest_id,property_id,property_value) VALUES (7, 2, 'Prize description for sample contest #7');
INSERT INTO contest_config (contest_id,property_id,property_value) VALUES (7, 3, 'true');
INSERT INTO contest_config (contest_id,property_id,property_value) VALUES (7, 4, null);
INSERT INTO contest_config (contest_id,property_id,property_value) VALUES (7, 5, null);
INSERT INTO contest_config (contest_id,property_id,property_value) VALUES (7, 6, null);
INSERT INTO contest_config (contest_id,property_id,property_value) VALUES (7, 7, null);
INSERT INTO contest_config (contest_id,property_id,property_value) VALUES (7, 8, null);
INSERT INTO contest_config (contest_id,property_id,property_value) VALUES (7, 9, 'true');
INSERT INTO contest_config (contest_id,property_id,property_value) VALUES (7, 10, 'false');
INSERT INTO contest_config (contest_id,property_id,property_value) VALUES (7, 11, 'true');

INSERT INTO contest_file_type_xref (contest_id,file_type_id,create_date) VALUES (7, 14, CURRENT);
INSERT INTO contest_file_type_xref (contest_id,file_type_id,create_date) VALUES (7, 16, CURRENT);

INSERT INTO prize (prize_id,place,amount,prize_type_id,create_date) VALUES (19, 1, 100.00, 1, CURRENT);
INSERT INTO prize (prize_id,place,amount,prize_type_id,create_date) VALUES (20, 2, 50.00, 1, CURRENT);
INSERT INTO prize (prize_id,place,amount,prize_type_id,create_date) VALUES (21, 3, 25.00, 1, CURRENT);

INSERT INTO contest_prize_xref (contest_id,prize_id,create_date) VALUES (7, 19, CURRENT);
INSERT INTO contest_prize_xref (contest_id,prize_id,create_date) VALUES (7, 20, CURRENT);
INSERT INTO contest_prize_xref (contest_id,prize_id,create_date) VALUES (7, 21, CURRENT);

INSERT INTO contest_registration (contest_id,user_id,terms_of_use_id,create_date) VALUES (7, 1, 1, CURRENT);
INSERT INTO contest_registration (contest_id,user_id,terms_of_use_id,create_date) VALUES (7, 132456, 1, CURRENT);

INSERT INTO path (path_id, path, modify_date) VALUES (4, 'test_files/studio/submissions/7/dok_test_1/', CURRENT);

INSERT INTO submission (submission_id,submitter_id,contest_id,create_date,original_file_name,system_file_name,path_id,submission_type_id,mime_type_id,rank,submission_date,height,width,submission_status_id,modify_date,or_submission_id) VALUES (4,1,7,CURRENT,'tcs.zip', '4_preview.zip', 4, 1, 15, 1, CURRENT, null, null, 1, CURRENT, null);

INSERT INTO submission_prize_xref (submission_id, prize_id, create_date) VALUES (4, 19, CURRENT);

INSERT INTO contest_result (submission_id, contest_id, create_date, placed, final_score) VALUES (4, 7, CURRENT, 1, 98.00);

INSERT INTO submission_review (submission_id, reviewer_id, text, review_status_id, modify_date) VALUES (4, 132456, 'Pass', 1, CURRENT);

INSERT INTO submission_payment (submission_id, payment_status_id, price) VALUES (4, 1, 100.00);

-- Contest #8 - TopCoder Direct channel, closed
INSERT INTO contest (contest_id,name,start_time,end_time,contest_status_id, contest_channel_id,contest_type_id,tc_direct_project_id,create_user_id) VALUES (8,'TC Direct Contest #8','2008-02-01 17:04:25','2008-02-20 16:11:00',2,2,1,100,132456);

INSERT INTO contest_config (contest_id,property_id,property_value) VALUES (8, 1, 'Sample contest #8 used by unit tests');
INSERT INTO contest_config (contest_id,property_id,property_value) VALUES (8, 2, 'Prize description for sample contest #8');
INSERT INTO contest_config (contest_id,property_id,property_value) VALUES (8, 3, 'true');
INSERT INTO contest_config (contest_id,property_id,property_value) VALUES (8, 4, null);
INSERT INTO contest_config (contest_id,property_id,property_value) VALUES (8, 5, null);
INSERT INTO contest_config (contest_id,property_id,property_value) VALUES (8, 6, null);
INSERT INTO contest_config (contest_id,property_id,property_value) VALUES (8, 7, null);
INSERT INTO contest_config (contest_id,property_id,property_value) VALUES (8, 8, null);
INSERT INTO contest_config (contest_id,property_id,property_value) VALUES (8, 9, 'true');
INSERT INTO contest_config (contest_id,property_id,property_value) VALUES (8, 10, 'false');
INSERT INTO contest_config (contest_id,property_id,property_value) VALUES (8, 11, 'true');

INSERT INTO contest_file_type_xref (contest_id,file_type_id,create_date) VALUES (8, 14, CURRENT);
INSERT INTO contest_file_type_xref (contest_id,file_type_id,create_date) VALUES (8, 16, CURRENT);

INSERT INTO prize (prize_id,place,amount,prize_type_id,create_date) VALUES (22, 1, 100.00, 2, CURRENT);
INSERT INTO prize (prize_id,place,amount,prize_type_id,create_date) VALUES (23, 2, 50.00, 2, CURRENT);
INSERT INTO prize (prize_id,place,amount,prize_type_id,create_date) VALUES (24, 3, 25.00, 2, CURRENT);

INSERT INTO contest_prize_xref (contest_id,prize_id,create_date) VALUES (8, 22, CURRENT);
INSERT INTO contest_prize_xref (contest_id,prize_id,create_date) VALUES (8, 23, CURRENT);
INSERT INTO contest_prize_xref (contest_id,prize_id,create_date) VALUES (8, 24, CURRENT);

INSERT INTO contest_registration (contest_id,user_id,terms_of_use_id,create_date) VALUES (8, 1, 1, CURRENT);
INSERT INTO contest_registration (contest_id,user_id,terms_of_use_id,create_date) VALUES (8, 132456, 1, CURRENT);

INSERT INTO path (path_id, path, modify_date) VALUES (5, 'test_files/studio/submissions/8/dok_test_1/', CURRENT);

INSERT INTO submission (submission_id,submitter_id,contest_id,create_date,original_file_name,system_file_name,path_id,submission_type_id,mime_type_id,rank,submission_date,height,width,submission_status_id,modify_date,or_submission_id) VALUES (5,1,8,CURRENT,'tcs.zip', 'tcs_submission.zip', 5, 1, 15, 1, CURRENT, null, null, 1, CURRENT, null);

INSERT INTO submission_prize_xref (submission_id, prize_id, create_date) VALUES (5, 22, CURRENT);

INSERT INTO contest_result (submission_id, contest_id, create_date, placed, final_score) VALUES (5, 8, CURRENT, 1, 98.00);

INSERT INTO submission_review (submission_id, reviewer_id, text, review_status_id, modify_date) VALUES (5, 132456, 'Pass', 1, CURRENT);

INSERT INTO submission_payment (submission_id, payment_status_id, price) VALUES (5, 2, 100.00);

INSERT INTO image (image_id, file_name, image_type_id, path_id, link, height, width, modify_date, original_file_name) VALUES (1, '5_25_1.jpg', 25, 5, '', 100, 100, CURRENT, '1.jpg');
INSERT INTO image (image_id, file_name, image_type_id, path_id, link, height, width, modify_date, original_file_name) VALUES (2, '5_29_1.png', 29, 5, '', 100, 100, CURRENT, '2.jpg');
INSERT INTO image (image_id, file_name, image_type_id, path_id, link, height, width, modify_date, original_file_name) VALUES (3, '5_30_1.png', 30, 5, '', 100, 100, CURRENT, '3.jpg');
INSERT INTO image (image_id, file_name, image_type_id, path_id, link, height, width, modify_date, original_file_name) VALUES (13, '5_31_1.png', 31, 5, '', 100, 100, CURRENT, '4.jpg');

INSERT INTO submission_image (submission_id, image_id, sort_order) VALUES (5, 1, 1);
INSERT INTO submission_image (submission_id, image_id, sort_order) VALUES (5, 2, 2);
INSERT INTO submission_image (submission_id, image_id, sort_order) VALUES (5, 3, 3);
INSERT INTO submission_image (submission_id, image_id, sort_order) VALUES (5, 13, 4);

-- Contest #9 - TopCoder Direct channel, running
INSERT INTO contest (contest_id,name,start_time,end_time,contest_status_id, contest_channel_id,contest_type_id,tc_direct_project_id,create_user_id) VALUES (9,'TC Direct Contest #9','2008-02-01 17:04:25','2009-02-20 16:11:00',2,2,1,100,132456);

INSERT INTO contest_config (contest_id,property_id,property_value) VALUES (9, 1, 'Sample contest #9 used by unit tests');
INSERT INTO contest_config (contest_id,property_id,property_value) VALUES (9, 2, 'Prize description for sample contest #9');
INSERT INTO contest_config (contest_id,property_id,property_value) VALUES (9, 3, 'true');
INSERT INTO contest_config (contest_id,property_id,property_value) VALUES (9, 4, null);
INSERT INTO contest_config (contest_id,property_id,property_value) VALUES (9, 5, null);
INSERT INTO contest_config (contest_id,property_id,property_value) VALUES (9, 6, null);
INSERT INTO contest_config (contest_id,property_id,property_value) VALUES (9, 7, null);
INSERT INTO contest_config (contest_id,property_id,property_value) VALUES (9, 8, null);
INSERT INTO contest_config (contest_id,property_id,property_value) VALUES (9, 9, 'true');
INSERT INTO contest_config (contest_id,property_id,property_value) VALUES (9, 10, 'false');
INSERT INTO contest_config (contest_id,property_id,property_value) VALUES (9, 11, 'true');

INSERT INTO contest_file_type_xref (contest_id,file_type_id,create_date) VALUES (9, 14, CURRENT);
INSERT INTO contest_file_type_xref (contest_id,file_type_id,create_date) VALUES (9, 16, CURRENT);

INSERT INTO prize (prize_id,place,amount,prize_type_id,create_date) VALUES (25, 1, 100.00, 2, CURRENT);
INSERT INTO prize (prize_id,place,amount,prize_type_id,create_date) VALUES (26, 2, 50.00, 2, CURRENT);
INSERT INTO prize (prize_id,place,amount,prize_type_id,create_date) VALUES (27, 3, 25.00, 2, CURRENT);

INSERT INTO contest_prize_xref (contest_id,prize_id,create_date) VALUES (9, 25, CURRENT);
INSERT INTO contest_prize_xref (contest_id,prize_id,create_date) VALUES (9, 26, CURRENT);
INSERT INTO contest_prize_xref (contest_id,prize_id,create_date) VALUES (9, 27, CURRENT);

INSERT INTO contest_registration (contest_id,user_id,terms_of_use_id,create_date) VALUES (9, 1, 1, CURRENT);
INSERT INTO contest_registration (contest_id,user_id,terms_of_use_id,create_date) VALUES (9, 132456, 1, CURRENT);

INSERT INTO path (path_id, path, modify_date) VALUES (6, 'test_files/studio/submissions/9/dok_test_1/', CURRENT);

INSERT INTO submission (submission_id,submitter_id,contest_id,create_date,original_file_name,system_file_name,path_id,submission_type_id,mime_type_id,rank,submission_date,height,width,submission_status_id,modify_date,or_submission_id) VALUES (6,1,9,CURRENT,'tcs.zip', 'tcs_submission.zip', 6, 1, 15, 1, CURRENT, null, null, 1, CURRENT, null);

INSERT INTO submission_payment (submission_id, payment_status_id, price) VALUES (6, 2, 100.00);

INSERT INTO image (image_id, file_name, image_type_id, path_id, link, height, width, modify_date, original_file_name) VALUES (4, '6_25_1.jpg', 25, 6, '', 100, 100, CURRENT, '1.jpg');
INSERT INTO image (image_id, file_name, image_type_id, path_id, link, height, width, modify_date, original_file_name) VALUES (5, '6_29_1.png', 29, 6, '', 100, 100, CURRENT, '2.jpg');
INSERT INTO image (image_id, file_name, image_type_id, path_id, link, height, width, modify_date, original_file_name) VALUES (6, '6_30_1.png', 30, 6, '', 100, 100, CURRENT, '3.jpg');
INSERT INTO image (image_id, file_name, image_type_id, path_id, link, height, width, modify_date, original_file_name) VALUES (15, '6_31_1.png', 31, 6, '', 100, 100, CURRENT, '3.jpg');

INSERT INTO submission_image (submission_id, image_id, sort_order) VALUES (6, 4, 1);
INSERT INTO submission_image (submission_id, image_id, sort_order) VALUES (6, 5, 2);
INSERT INTO submission_image (submission_id, image_id, sort_order) VALUES (6, 6, 3);
INSERT INTO submission_image (submission_id, image_id, sort_order) VALUES (6, 15, 4);


-- Contest #10 - Studio Administrator channel, closed
INSERT INTO contest (contest_id,name,start_time,end_time,contest_status_id,contest_channel_id,contest_type_id,tc_direct_project_id,create_user_id) VALUES (10,'TC Studio Administrator #10','2008-02-01 17:04:25','2008-02-20 16:11:00',2,1,2,102,132456);

INSERT INTO contest_config (contest_id,property_id,property_value) VALUES (10, 1, 'Sample contest #10 used by unit tests');
INSERT INTO contest_config (contest_id,property_id,property_value) VALUES (10, 2, 'Prize description for sample contest #10');
INSERT INTO contest_config (contest_id,property_id,property_value) VALUES (10, 3, 'true');
INSERT INTO contest_config (contest_id,property_id,property_value) VALUES (10, 4, null);
INSERT INTO contest_config (contest_id,property_id,property_value) VALUES (10, 5, null);
INSERT INTO contest_config (contest_id,property_id,property_value) VALUES (10, 6, null);
INSERT INTO contest_config (contest_id,property_id,property_value) VALUES (10, 7, null);
INSERT INTO contest_config (contest_id,property_id,property_value) VALUES (10, 8, null);
INSERT INTO contest_config (contest_id,property_id,property_value) VALUES (10, 9, 'true');
INSERT INTO contest_config (contest_id,property_id,property_value) VALUES (10, 10, 'false');
INSERT INTO contest_config (contest_id,property_id,property_value) VALUES (10, 11, 'true');

INSERT INTO contest_file_type_xref (contest_id,file_type_id,create_date) VALUES (10, 14, CURRENT);
INSERT INTO contest_file_type_xref (contest_id,file_type_id,create_date) VALUES (10, 16, CURRENT);

INSERT INTO prize (prize_id,place,amount,prize_type_id,create_date) VALUES (28, 1, 100.00, 1, CURRENT);
INSERT INTO prize (prize_id,place,amount,prize_type_id,create_date) VALUES (29, 2, 50.00, 1, CURRENT);
INSERT INTO prize (prize_id,place,amount,prize_type_id,create_date) VALUES (30, 3, 25.00, 1, CURRENT);

INSERT INTO contest_prize_xref (contest_id,prize_id,create_date) VALUES (10, 28, CURRENT);
INSERT INTO contest_prize_xref (contest_id,prize_id,create_date) VALUES (10, 29, CURRENT);
INSERT INTO contest_prize_xref (contest_id,prize_id,create_date) VALUES (10, 30, CURRENT);

INSERT INTO contest_registration (contest_id,user_id,terms_of_use_id,create_date) VALUES (10, 1, 1, CURRENT);
INSERT INTO contest_registration (contest_id,user_id,terms_of_use_id,create_date) VALUES (10, 132456, 1, CURRENT);

INSERT INTO path (path_id, path, modify_date) VALUES (7, 'test_files/studio/submissions/10/dok_test_1/', CURRENT);

INSERT INTO submission (submission_id,submitter_id,contest_id,create_date,original_file_name,system_file_name,path_id,submission_type_id,mime_type_id,rank,submission_date,height,width,submission_status_id,modify_date,or_submission_id) VALUES (7,1,10,CURRENT,'tcs.zip', 'tcs_submission.zip', 7, 1, 15, 1, CURRENT, null, null, 1, CURRENT, null);

INSERT INTO submission_prize_xref (submission_id, prize_id, create_date) VALUES (7, 28, CURRENT);

INSERT INTO contest_result (submission_id, contest_id, create_date, placed, final_score) VALUES (7, 10, CURRENT, 1, 98.00);

INSERT INTO submission_review (submission_id, reviewer_id, text, review_status_id, modify_date) VALUES (7, 132456, 'Pass', 1, CURRENT);

INSERT INTO submission_payment (submission_id, payment_status_id, price) VALUES (7, 3, 100.00);

INSERT INTO image (image_id, file_name, image_type_id, path_id, link, height, width, modify_date, original_file_name) VALUES (7, '7_18_1.jpg', 18, 7, '', 100, 100, CURRENT, '1.jpg');
INSERT INTO image (image_id, file_name, image_type_id, path_id, link, height, width, modify_date, original_file_name) VALUES (8, '7_22_1.png', 22, 7, '', 100, 100, CURRENT, '2.jpg');
INSERT INTO image (image_id, file_name, image_type_id, path_id, link, height, width, modify_date, original_file_name) VALUES (9, '7_23_1.png', 23, 7, '', 100, 100, CURRENT, '3.jpg');
INSERT INTO image (image_id, file_name, image_type_id, path_id, link, height, width, modify_date, original_file_name) VALUES (14, '7_24_1.png', 24, 7, '', 100, 100, CURRENT, '4.jpg');

INSERT INTO submission_image (submission_id, image_id, sort_order) VALUES (7, 7, 1);
INSERT INTO submission_image (submission_id, image_id, sort_order) VALUES (7, 8, 2);
INSERT INTO submission_image (submission_id, image_id, sort_order) VALUES (7, 9, 3);
INSERT INTO submission_image (submission_id, image_id, sort_order) VALUES (7, 14, 4);

-- Contest #11 - Studio Administrator channel, running
INSERT INTO contest (contest_id,name,start_time,end_time,contest_status_id,contest_channel_id,contest_type_id,tc_direct_project_id,create_user_id) VALUES (11,'TC Studio Administrator #11','2008-02-01 17:04:25','2009-02-20 16:11:00',2,1,2,102,132456);

INSERT INTO contest_config (contest_id,property_id,property_value) VALUES (11, 1, 'Sample contest #11 used by unit tests');
INSERT INTO contest_config (contest_id,property_id,property_value) VALUES (11, 2, 'Prize description for sample contest #11');
INSERT INTO contest_config (contest_id,property_id,property_value) VALUES (11, 3, 'true');
INSERT INTO contest_config (contest_id,property_id,property_value) VALUES (11, 4, null);
INSERT INTO contest_config (contest_id,property_id,property_value) VALUES (11, 5, null);
INSERT INTO contest_config (contest_id,property_id,property_value) VALUES (11, 6, null);
INSERT INTO contest_config (contest_id,property_id,property_value) VALUES (11, 7, null);
INSERT INTO contest_config (contest_id,property_id,property_value) VALUES (11, 8, null);
INSERT INTO contest_config (contest_id,property_id,property_value) VALUES (11, 9, 'true');
INSERT INTO contest_config (contest_id,property_id,property_value) VALUES (11, 10, 'false');
INSERT INTO contest_config (contest_id,property_id,property_value) VALUES (11, 11, 'true');

INSERT INTO contest_file_type_xref (contest_id,file_type_id,create_date) VALUES (11, 14, CURRENT);
INSERT INTO contest_file_type_xref (contest_id,file_type_id,create_date) VALUES (11, 16, CURRENT);

INSERT INTO prize (prize_id,place,amount,prize_type_id,create_date) VALUES (31, 1, 100.00, 1, CURRENT);
INSERT INTO prize (prize_id,place,amount,prize_type_id,create_date) VALUES (32, 2, 50.00, 1, CURRENT);
INSERT INTO prize (prize_id,place,amount,prize_type_id,create_date) VALUES (33, 3, 25.00, 1, CURRENT);

INSERT INTO contest_prize_xref (contest_id,prize_id,create_date) VALUES (11, 31, CURRENT);
INSERT INTO contest_prize_xref (contest_id,prize_id,create_date) VALUES (11, 32, CURRENT);
INSERT INTO contest_prize_xref (contest_id,prize_id,create_date) VALUES (11, 33, CURRENT);

INSERT INTO contest_registration (contest_id,user_id,terms_of_use_id,create_date) VALUES (11, 1, 1, CURRENT);
INSERT INTO contest_registration (contest_id,user_id,terms_of_use_id,create_date) VALUES (11, 132456, 1, CURRENT);

INSERT INTO path (path_id, path, modify_date) VALUES (8, 'test_files/studio/submissions/11/dok_test_1/', CURRENT);

INSERT INTO submission (submission_id,submitter_id,contest_id,create_date,original_file_name,system_file_name,path_id,submission_type_id,mime_type_id,rank,submission_date,height,width,submission_status_id,modify_date,or_submission_id) VALUES (8,1,11,CURRENT,'tcs.zip', 'tcs_submission.zip', 8, 1, 15, 1, CURRENT, null, null, 1, CURRENT, null);

INSERT INTO submission_payment (submission_id, payment_status_id, price) VALUES (8, 3, 100.00);

INSERT INTO image (image_id, file_name, image_type_id, path_id, link, height, width, modify_date, original_file_name) VALUES (10, '8_18_1.jpg', 18, 8, '', 100, 100, CURRENT, '1.jpg');
INSERT INTO image (image_id, file_name, image_type_id, path_id, link, height, width, modify_date, original_file_name) VALUES (11, '8_22_1.png', 22, 8, '', 100, 100, CURRENT, '2.jpg');
INSERT INTO image (image_id, file_name, image_type_id, path_id, link, height, width, modify_date, original_file_name) VALUES (12, '8_23_1.png', 23, 8, '', 100, 100, CURRENT, '3.jpg');
INSERT INTO image (image_id, file_name, image_type_id, path_id, link, height, width, modify_date, original_file_name) VALUES (16, '8_24_1.png', 24, 8, '', 100, 100, CURRENT, '4.jpg');

INSERT INTO submission_image (submission_id, image_id, sort_order) VALUES (8, 10, 1);
INSERT INTO submission_image (submission_id, image_id, sort_order) VALUES (8, 11, 2);
INSERT INTO submission_image (submission_id, image_id, sort_order) VALUES (8, 12, 3);
INSERT INTO submission_image (submission_id, image_id, sort_order) VALUES (8, 16, 4);

-- Contest #12 - Studio Administrator, Storyboard, open, requires preview file
INSERT INTO contest (contest_id,name,start_time,end_time,contest_status_id,contest_channel_id,contest_type_id,tc_direct_project_id,create_user_id) VALUES (12,'TC Studio Administrator #12','2008-02-01 17:04:25','2009-02-20 16:11:00',2,1,1,103,132456);

INSERT INTO contest_config (contest_id,property_id,property_value) VALUES (12, 1, 'Sample contest #12 used by unit tests');
INSERT INTO contest_config (contest_id,property_id,property_value) VALUES (12, 2, 'Prize description for sample contest #12');
INSERT INTO contest_config (contest_id,property_id,property_value) VALUES (12, 3, 'true');
INSERT INTO contest_config (contest_id,property_id,property_value) VALUES (12, 4, null);
INSERT INTO contest_config (contest_id,property_id,property_value) VALUES (12, 5, null);
INSERT INTO contest_config (contest_id,property_id,property_value) VALUES (12, 6, null);
INSERT INTO contest_config (contest_id,property_id,property_value) VALUES (12, 7, null);
INSERT INTO contest_config (contest_id,property_id,property_value) VALUES (12, 8, null);
INSERT INTO contest_config (contest_id,property_id,property_value) VALUES (12, 9, 'true');
INSERT INTO contest_config (contest_id,property_id,property_value) VALUES (12, 10, 'false');
INSERT INTO contest_config (contest_id,property_id,property_value) VALUES (12, 11, 'true');

INSERT INTO contest_file_type_xref (contest_id,file_type_id,create_date) VALUES (12, 14, CURRENT);
INSERT INTO contest_file_type_xref (contest_id,file_type_id,create_date) VALUES (12, 16, CURRENT);

INSERT INTO prize (prize_id,place,amount,prize_type_id,create_date) VALUES (34, 1, 100.00, 1, CURRENT);
INSERT INTO prize (prize_id,place,amount,prize_type_id,create_date) VALUES (35, 2, 50.00, 1, CURRENT);
INSERT INTO prize (prize_id,place,amount,prize_type_id,create_date) VALUES (36, 3, 25.00, 1, CURRENT);

INSERT INTO contest_prize_xref (contest_id,prize_id,create_date) VALUES (12, 34, CURRENT);
INSERT INTO contest_prize_xref (contest_id,prize_id,create_date) VALUES (12, 35, CURRENT);
INSERT INTO contest_prize_xref (contest_id,prize_id,create_date) VALUES (12, 36, CURRENT);

INSERT INTO contest_registration (contest_id,user_id,terms_of_use_id,create_date) VALUES (12, 1, 1, CURRENT);
INSERT INTO contest_registration (contest_id,user_id,terms_of_use_id,create_date) VALUES (12, 132456, 1, CURRENT);

INSERT INTO path (path_id, path, modify_date) VALUES (9, 'test_files/studio/submissions/12/dok_test_1/', CURRENT);
INSERT INTO path (path_id, path, modify_date) VALUES (10, 'test_files/studio/documents/12/', CURRENT);

INSERT INTO submission (submission_id,submitter_id,contest_id,create_date,original_file_name,system_file_name,path_id,submission_type_id,mime_type_id,rank,submission_date,height,width,submission_status_id,modify_date,or_submission_id) VALUES (9,1,12,CURRENT,'tcs.zip', '9_preview.zip', 9, 1, 15, 1, CURRENT, null, null, 1, CURRENT, null);

INSERT INTO submission_prize_xref (submission_id, prize_id, create_date) VALUES (9, 34, CURRENT);

INSERT INTO contest_result (submission_id, contest_id, create_date, placed, final_score) VALUES (9, 12, CURRENT, 1, 98.00);

INSERT INTO submission_review (submission_id, reviewer_id, text, review_status_id, modify_date) VALUES (9, 132456, 'Pass', 1, CURRENT);

INSERT INTO submission_payment (submission_id, payment_status_id, price) VALUES (9, 1, 100.00);

INSERT INTO document (document_id,path_id,original_file_name,system_file_name,document_type_id,create_date,mime_type_id,description) VALUES (1, 10, 'specification.pdf', 'specification.pdf', 1, CURRENT, 4, 'A contest specification');
INSERT INTO contest_document_xref (contest_id, document_id, create_date) VALUES (12, 1, CURRENT);
